Teams,Game,Season,Win,S,A,TO,2Pt_Sh,SOG,POSS,TCH,PAS,CT,GB,FO_%,Sv
Redwoods,1,2023,1,13,9,16,4,23,970,205,151,10,25,34.5,11
Atlas,1,2023,0,12,7,18,11,26,1591,284,220,4,38,65.5,8
Cannons,1,2023,0,13,9,13,6,30,1300,269,213,5,28,25,17
Archers,1,2023,1,16,7,14,1,34,1342,317,249,9,47,75,16
Chaos,1,2023,0,7,3,25,4,18,1572,328,264,9,30,72.2,18
Waterdogs,1,2023,1,8,5,16,6,28,1283,288,230,12,29,27.8,10
Whipsnakes,1,2023,0,11,10,18,6,29,1351,278,213,4,35,51.9,15
Chrome,1,2023,1,12,10,16,2,27,1282,291,237,7,33,48.1,14
Redwoods,2,2024,0,11,6,19,8,27,1408,296,232,5,29,65.4,12
Chaos,2,2024,1,12,5,19,4,26,1295,220,168,6,25,34.6,16
Archers,2,2024,0,17,9,19,4,31,1319,244,180,6,36,37.8,13
Outlaws,2,2024,1,18,8,15,11,34,1552,303,232,4,34,62.2,15
Atlas,2,2024,1,15,6,19,7,29,1587,296,228,10,47,74.1,8
Chaos,2,2024,0,12,5,15,5,20,1111,216,171,7,18,25.9,13
Whipsnakes,2,2024,0,9,3,17,4,23,1306,230,177,9,31,56,14
Cannons,2,2024,1,13,8,15,9,28,1381,304,238,8,36,44,14
Cannons,3,2024,1,12,2,24,5,28,1530,244,180,4,38,75,15
Waterdogs,3,2024,0,11,7,14,3,27,1195,291,237,10,21,25,13
Archers,3,2024,1,9,5,17,4,20,1413,245,188,5,21,40,18
Chaos,3,2024,0,7,3,17,3,27,1303,247,191,9,30,60,11
Redwoods,3,2024,0,15,9,20,6,31,1251,233,169,9,31,67.6,14
Atlas,3,2024,1,20,13,15,8,34,1287,246,186,10,33,32.4,16
Whipsnakes,3,2024,1,15,7,24,5,30,1626,262,192,7,51,100,13
Waterdogs,3,2024,0,14,6,15,5,27,1213,280,220,10,24,0,17
Atlas,4,2024,0,12,6,12,4,29,1087,236,179,9,34,43.8,14
Whipsnakes,4,2024,1,16,4,20,5,32,1449,270,201,5,40,56.3,14
Cannons,4,2024,1,14,6,22,14,18,1399,327,268,10,28,40.9,11
Archers,4,2024,0,9,4,23,6,21,1283,253,200,9,35,59.1,8
Redwoods,4,2024,0,8,4,21,9,21,1350,239,176,9,42,72.7,13
Outlaws,4,2024,1,13,8,18,6,26,1360,278,217,6,31,27.3,11
Waterdogs,4,2024,1,10,7,18,7,22,1348,276,218,8,36,42.1,12
Chaos,4,2024,0,6,4,15,3,18,1281,225,178,4,24,52.6,11
Redwoods,5,2024,1,9,3,20,1,19,1315,289,231,7,28,65,13
Cannons,5,2024,0,7,5,14,7,20,1435,289,234,8,22,35,10
Outlaws,5,2024,0,4,3,18,7,22,1238,176,119,9,23,60,9
Atlas,5,2024,1,17,11,16,3,27,1416,283,225,4,31,40,14
Archers,5,2024,1,16,3,20,6,25,1379,237,176,6,31,36.7,15
Whipsnakes,5,2024,0,11,8,21,1,30,1234,271,204,6,39,60,10
Waterdogs,5,2024,0,10,4,15,4,25,1460,270,211,7,24,50,13
Cannons,5,2024,1,14,9,16,6,25,1217,234,181,4,28,50,15
Outlaws,6,2024,1,15,7,13,4,25,1339,256,205,3,27,44.4,16
Waterdogs,6,2024,0,13,5,15,7,27,1265,244,184,3,36,55.6,10
Chaos,6,2024,1,10,3,20,4,24,1487,268,204,5,32,30.4,18
Whipsnakes,6,2024,0,9,2,19,4,27,1323,255,191,7,40,69.6,13
Atlas,6,2024,0,12,5,19,4,29,1436,264,205,8,45,73.3,9
Cannons,6,2024,1,17,6,13,10,24,1230,222,167,10,23,26.7,14
Archers,6,2024,1,15,7,19,8,29,1330,274,204,3,34,65.4,10
Redwoods,6,2024,0,8,3,19,3,19,1325,246,189,6,30,34.6,12
Outlaws,7,2024,0,10,3,17,8,21,1365,257,200,8,26,39.1,9
Cannons,7,2024,1,12,5,22,8,21,1316,272,212,7,37,60.9,13
Chaos,7,2024,0,8,3,14,7,22,1264,227,170,5,24,26.3,14
Redwoods,7,2024,1,10,4,20,3,24,1386,316,263,10,31,73.7,13
Waterdogs,7,2024,0,11,4,21,12,31,1398,246,178,11,40,33.3,17
Atlas,7,2024,1,12,4,19,3,31,1237,248,184,11,42,66.7,17
Whipsnakes,7,2024,1,18,7,17,8,34,1421,291,220,8,36,50,12
Redwoods,7,2024,0,13,5,22,5,23,1154,282,221,10,34,46.7,17
Waterdogs,8,2024,0,6,4,11,6,27,1273,230,173,8,26,36.4,12
Whipsnakes,8,2024,1,12,4,20,5,25,1344,260,199,2,37,63.6,20
Outlaws,8,2024,1,18,8,11,8,25,1087,198,143,6,29,29.2,16
Redwoods,8,2024,0,5,2,16,6,22,983,217,167,4,35,70.8,6
Chaos,8,2024,1,15,6,9,2,30,1212,246,191,5,30,27.3,15
Archers,8,2024,0,14,7,16,2,30,1316,256,187,4,34,69.7,14
Cannons,8,2024,0,14,5,10,8,25,1127,220,170,8,23,30,14
Whipsnakes,8,2024,1,16,7,20,3,30,1585,268,202,7,42,70,9
Whipsnakes,9,2024,1,16,6,17,2,26,1336,234,178,6,41,62.1,11
Outlaws,9,2024,0,9,2,18,6,22,1324,245,192,6,26,34.5,9
Waterdogs,9,2024,0,12,10,26,7,23,1389,278,215,6,31,51.9,9
Redwoods,9,2024,1,13,7,24,6,24,1477,273,203,10,41,48.1,11
Atlas,9,2024,1,15,6,14,2,32,1222,268,208,10,35,55.6,13
Archers,9,2024,0,11,3,27,10,22,1351,218,159,4,36,44.4,16
Chaos,9,2024,0,4,3,19,10,16,1278,253,191,10,28,38.9,10
Outlaws,9,2024,1,10,6,20,5,23,1436,303,246,6,28,61.1,12
Redwoods,10,2024,0,12,4,18,11,25,1349,288,229,7,25,37,13
Archers,10,2024,1,13,5,15,6,27,1399,253,194,9,34,63,12
Cannons,10,2024,1,11,6,15,9,35,1569,349,281,12,37,52,10
Chaos,10,2024,0,10,4,21,5,22,1217,235,173,5,32,48,14
Atlas,10,2024,0,12,9,29,5,28,1214,272,200,7,45,75.9,14
Waterdogs,10,2024,1,13,6,18,6,32,1377,231,174,9,38,24.1,16
Outlaws,10,2024,0,9,3,15,8,30,1384,268,196,7,35,50,10
Archers,10,2024,1,13,7,19,8,22,1256,238,177,5,31,50,18
Cannons,1,2024,0,12,6,9,9,27,1319,226,178,6,33,21.2,13
Atlas,1,2024,1,19,14,18,3,34,1346,347,277,3,44,75.8,13
Whipsnakes,1,2024,0,13,7,14,7,26,1351,223,171,4,22,33.3,9
Atlas,1,2024,1,17,9,16,6,27,1241,275,224,3,33,66.7,14
Archers,1,2024,1,12,4,25,7,20,1312,274,214,4,40,88.5,23
Waterdogs,1,2024,0,11,6,8,4,36,1410,296,237,12,25,7.7,9
Chaos,1,2024,1,16,7,22,3,21,1232,255,207,3,33,35.7,16
Outlaws,1,2024,0,11,6,17,6,27,1466,306,242,9,36,64.3,5
Chrome,2,2023,0,7,1,15,3,25,1192,232,176,5,28,54.5,9
Archers,2,2023,1,12,7,14,3,22,1473,300,242,3,33,45.5,18
Waterdogs,2,2023,0,9,5,11,6,28,1296,264,211,8,31,47.8,14
Redwoods,2,2023,1,10,4,18,4,25,1358,262,198,5,39,52.2,19
Whipsnakes,2,2023,0,11,4,15,7,23,0,276,222,5,24,40,17
Atlas,2,2023,1,12,6,13,5,29,0,243,186,6,33,60,13
Chaos,2,2023,1,14,5,20,2,24,1380,229,176,5,36,44.4,14
Cannons,2,2023,0,13,8,18,7,25,1333,281,222,9,37,55.6,9
Waterdogs,3,2023,1,19,9,11,9,27,1226,236,183,6,20,16.2,16
Atlas,3,2023,0,18,11,21,8,34,1452,269,204,7,50,83.8,9
Chrome,3,2023,0,13,6,19,4,27,1408,292,237,10,36,70,5
Cannons,3,2023,1,14,8,19,2,18,1298,271,219,5,32,26.7,12
Archers,3,2023,0,10,6,20,9,29,1300,255,190,4,32,60.7,11
Chaos,3,2023,1,15,8,18,6,25,1382,295,239,6,36,39.3,19
Redwoods,3,2023,0,11,4,20,10,25,1238,245,182,4,29,70,12
Whipsnakes,3,2023,1,18,10,14,8,27,1383,234,180,9,36,30,12
Waterdogs,4,2023,1,10,8,22,3,19,1443,297,243,11,37,10,14
Chrome,4,2023,0,7,3,23,4,23,1297,264,203,10,41,90,10
Cannons,4,2023,1,19,11,16,5,35,1321,279,215,14,37,15.6,10
Atlas,4,2023,0,12,6,24,8,21,1371,217,159,6,46,84.4,13
Redwoods,4,2023,1,13,10,20,4,28,1466,322,258,9,41,56,15
Chaos,4,2023,0,8,7,21,7,23,1237,265,202,7,27,44,15
Whipsnakes,4,2023,0,12,7,14,6,25,1235,209,157,4,18,14.3,12
Archers,4,2023,1,15,6,21,6,28,1432,293,226,8,40,85.7,14
Atlas,5,2023,0,11,5,16,8,27,1443,269,207,3,47,76.7,12
Chaos,5,2023,1,15,9,15,4,28,1215,217,168,5,21,23.3,15
Chrome,5,2023,0,6,4,29,3,17,0,258,205,1,32,81.8,15
Cannons,5,2023,1,12,7,12,5,29,0,330,272,10,29,18.2,11
Archers,5,2023,1,10,6,17,5,24,1406,248,189,10,30,64.7,9
Redwoods,5,2023,0,3,1,24,3,12,1296,231,181,3,21,35.3,14
Waterdogs,5,2023,1,16,10,10,4,32,0,271,0,5,27,18.8,16
Whipsnakes,5,2023,0,13,6,19,5,31,0,256,0,5,47,81.3,14
Cannons,6,2023,1,16,11,9,2,27,1319,277,229,5,21,3.3,17
Redwoods,6,2023,0,10,8,18,3,30,1439,307,245,4,38,96.7,10
Atlas,6,2023,1,11,7,23,5,25,1402,254,194,8,42,95.5,12
Chrome,6,2023,0,9,5,18,3,23,1340,289,231,7,22,4.5,14
Waterdogs,6,2023,0,18,12,11,4,35,1039,255,194,11,31,13.2,12
Archers,6,2023,1,19,7,21,5,29,1607,292,223,3,55,86.8,15
Whipsnakes,6,2023,1,17,8,18,5,29,1277,238,174,8,33,51.4,11
Chaos,6,2023,0,16,9,17,4,29,1347,260,197,12,32,45.7,14
Waterdogs,7,2023,0,8,5,21,4,25,1447,273,199,5,44,95.7,11
Cannons,7,2023,1,12,7,15,7,25,1283,271,219,7,26,4.3,16
Redwoods,7,2023,0,12,7,15,5,30,1486,298,238,11,34,57.1,11
Chaos,7,2023,1,14,8,17,3,23,1217,235,182,7,25,42.9,17
Whipsnakes,7,2023,1,12,7,19,7,30,1466,284,220,6,41,100,13
Chrome,7,2023,0,5,4,13,5,20,1191,275,232,3,17,0,17
Archers,7,2023,1,14,7,14,5,31,1208,261,196,6,29,44.8,11
Atlas,7,2023,0,13,11,21,7,24,1455,290,233,3,37,51.7,16
Chaos,8,2023,0,10,6,20,7,26,1436,273,201,6,38,65.2,8
Whipsnakes,8,2023,1,12,2,17,7,21,1279,235,182,7,24,30.4,17
Chrome,8,2023,0,5,2,17,6,19,1420,297,244,3,30,60,11
Archers,8,2023,1,13,9,18,4,27,1285,269,210,8,32,40,12
Atlas,8,2023,0,11,6,22,7,31,1539,278,205,6,47,75.9,11
Waterdogs,8,2023,1,14,6,19,3,26,1140,223,160,8,30,24.1,15
Cannons,8,2023,0,15,9,19,9,26,1332,312,246,14,29,9.4,19
Redwoods,8,2023,1,16,6,28,7,34,1764,345,260,7,64,90.6,13
Chaos,9,2023,0,8,4,21,5,26,1493,254,192,4,38,85,17
Waterdogs,9,2023,1,13,7,12,6,27,1207,302,250,11,35,15,17
Chrome,9,2023,0,10,5,20,6,19,1254,259,205,10,22,22.7,12
Redwoods,9,2023,1,11,3,23,7,22,1492,303,240,8,41,77.3,9
Atlas,9,2023,0,13,7,27,1,23,1361,231,169,7,55,96.4,13
Cannons,9,2023,1,14,7,15,7,26,1394,279,217,16,31,3.6,10
Archers,9,2023,1,16,6,20,8,29,1433,277,210,11,41,48.1,11
Whipsnakes,9,2023,0,11,3,17,10,24,1264,232,171,6,28,48.1,13
Chaos,10,2023,1,13,11,24,7,28,1377,282,0,8,42,66.7,13
Chrome,10,2023,0,7,2,21,7,20,1315,245,0,9,33,33.3,13
Cannons,10,2023,1,15,5,13,3,27,1178,256,207,12,26,0,14
Whipsnakes,10,2023,0,11,6,23,9,25,1578,273,206,4,44,100,12
Atlas,10,2023,0,7,5,22,3,16,1157,247,198,4,27,54.5,15
Redwoods,10,2023,1,12,7,21,5,27,1551,306,245,7,28,45.5,7
Archers,10,2023,0,13,6,21,13,35,1458,289,212,9,50,79.3,20
Waterdogs,10,2023,1,14,7,16,5,34,1224,262,202,3,30,17.2,18
Whipsnakes,1,2022,1,9,2,10,2,23,1519,218,159,6,23,60,8
Chaos,1,2022,0,8,4,16,3,16,1174,240,203,3,23,40,13
Redwoods,1,2022,0,11,6,19,5,21,1240,200,144,8,32,43.3,5
Atlas,1,2022,1,17,13,17,3,24,1350,239,189,8,28,56.7,11
Waterdogs,1,2022,0,10,4,14,4,31,1459,224,168,7,35,46.7,10
Cannons,1,2022,1,16,8,17,2,29,1149,232,176,5,31,53.3,19
Chrome,1,2022,1,11,6,16,2,21,1318,283,230,7,32,58.3,11
Archers,1,2022,0,10,8,13,3,23,1379,282,229,4,34,41.7,8
Chrome,2,2022,1,12,6,15,3,22,1547,278,224,11,39,63.2,7
Redwoods,2,2022,0,3,3,22,2,13,1125,202,157,4,24,36.8,6
Atlas,2,2022,1,16,8,16,7,31,1426,299,235,6,36,80,11
Cannons,2,2022,0,8,3,16,4,18,1244,228,180,6,25,20,13
Whipsnakes,2,2022,1,12,9,26,3,27,1779,296,226,6,44,84.6,13
Waterdogs,2,2022,0,11,6,14,4,23,1177,263,212,9,23,15.4,14
Chaos,2,2022,0,12,6,18,6,23,1399,311,256,6,34,57.1,10
Archers,2,2022,1,17,8,17,7,26,1238,246,193,4,22,42.9,11
Waterdogs,3,2022,0,14,8,15,3,27,1105,198,145,4,26,44.1,9
Chrome,3,2022,1,17,9,15,0,27,1512,279,226,7,29,52.9,12
Atlas,3,2022,0,9,3,16,8,25,1542,268,209,6,30,60,17
Whipsnakes,3,2022,1,12,5,18,7,30,1106,242,187,7,30,40,18
Cannons,3,2022,0,9,5,21,5,26,1241,269,206,6,32,65.6,11
Archers,3,2022,1,20,11,13,4,30,1363,296,241,10,31,34.4,15
Redwoods,3,2022,1,11,5,12,6,28,1354,287,232,11,27,52.4,8
Chaos,3,2022,0,7,6,21,2,15,1367,229,188,2,19,47.6,16
Redwoods,4,2022,0,11,5,16,5,23,1196,238,186,15,25,40,4
Whipsnakes,4,2022,1,12,8,24,5,17,1481,248,195,6,33,60,12
Chaos,4,2022,0,9,5,18,5,21,1256,262,209,7,27,50,12
Waterdogs,4,2022,1,18,10,13,4,28,1454,283,225,7,29,50,11
Cannons,4,2022,0,11,5,19,5,25,1214,258,201,5,25,40.7,16
Chrome,4,2022,1,12,7,18,1,31,1609,307,239,9,43,59.3,13
Archers,4,2022,0,9,4,19,4,21,1247,244,193,11,19,17.4,11
Atlas,4,2022,1,10,4,20,8,25,1485,294,225,8,32,82.6,11
Whipsnakes,5,2022,0,10,6,16,7,25,1333,280,217,4,28,62.5,13
Waterdogs,5,2022,1,11,3,14,5,26,1362,263,198,6,27,33.3,14
Archers,5,2022,1,10,8,16,4,24,1346,280,226,8,25,33.3,9
Redwoods,5,2022,0,9,5,20,3,20,1301,264,209,6,24,61.9,12
Atlas,5,2022,1,14,8,16,4,21,1470,251,205,4,31,57.1,11
Chrome,5,2022,0,13,6,10,3,27,1180,285,234,7,21,42.9,7
Chaos,5,2022,1,13,7,14,1,23,995,224,178,6,29,32.1,20
Cannons,5,2022,0,11,4,14,0,35,1675,298,234,6,37,67.9,10
Redwoods,6,2022,1,16,7,17,6,30,1404,255,192,5,35,64.5,15
Atlas,6,2022,0,15,8,14,5,31,1256,220,165,8,31,35.5,16
Whipsnakes,6,2022,1,14,5,9,1,31,1477,256,197,3,31,66.7,8
Chaos,6,2022,0,12,7,16,6,21,1163,243,193,2,21,33.3,15
Cannons,6,2022,0,12,7,19,3,24,1117,214,162,5,34,31.3,14
Archers,6,2022,1,17,12,19,1,32,1558,309,246,4,40,68.8,12
Chrome,6,2022,0,10,7,24,2,21,1439,297,238,6,40,62.5,15
Waterdogs,6,2022,1,11,7,17,6,27,1392,273,213,12,27,37.5,11
Archers,7,2022,0,9,4,15,3,26,1181,282,233,10,33,34.6,6
Atlas,7,2022,1,14,9,21,1,22,1461,243,193,5,32,65.4,14
Chrome,7,2022,0,8,6,14,3,24,1357,251,204,8,18,30,8
Whipsnakes,7,2022,1,9,6,20,4,17,1329,252,206,5,33,70,16
Redwoods,7,2022,0,12,6,15,4,26,1389,261,210,6,27,53.3,8
Chaos,7,2022,1,14,9,20,1,24,1295,293,238,6,27,46.7,14
Waterdogs,7,2022,1,15,10,12,3,32,1376,240,182,10,37,45.5,9
Cannons,7,2022,0,14,6,18,2,24,1263,249,194,6,40,54.5,16
Waterdogs,8,2022,1,16,11,14,4,29,1493,290,228,7,24,32.3,17
Atlas,8,2022,0,15,8,19,8,32,1238,269,208,4,33,67.7,13
Cannons,8,2022,0,12,7,13,4,28,1141,256,201,4,27,37.9,14
Redwoods,8,2022,1,15,4,16,8,28,1556,286,220,7,35,62.1,14
Chaos,8,2022,0,9,3,17,7,22,1121,229,181,8,22,36,12
Chrome,8,2022,1,13,8,20,2,27,1550,329,274,5,42,64,11
Archers,8,2022,0,11,7,12,5,23,1059,258,214,5,21,22.2,14
Whipsnakes,8,2022,1,13,6,16,2,31,1525,280,217,6,38,77.8,12
Atlas,9,2022,0,8,5,17,6,26,1298,241,182,7,34,66.7,17
Whipsnakes,9,2022,1,16,7,15,4,33,1328,257,196,8,22,33.3,18
Waterdogs,9,2022,0,12,6,15,5,22,1421,254,190,9,41,31,8
Redwoods,9,2022,1,14,11,17,2,23,1231,250,204,3,27,62.1,11
Chaos,9,2022,0,8,5,17,6,18,1263,256,206,5,28,50,19
Archers,9,2022,1,11,6,8,3,31,1411,312,258,9,34,45.5,6
Cannons,9,2022,0,9,6,11,3,28,1453,260,207,10,25,47.8,10
Chrome,9,2022,1,11,6,15,2,21,1276,291,243,7,27,52.2,16
Chrome,10,2022,1,13,9,21,1,24,1492,261,210,4,39,64.3,12
Redwoods,10,2022,0,12,3,13,7,23,1184,239,186,10,25,35.7,9
Archers,10,2022,1,16,7,14,5,32,1160,282,226,11,30,32.3,14
Waterdogs,10,2022,0,12,8,22,5,30,1503,256,193,7,45,67.7,16
Whipsnakes,10,2022,1,11,5,22,6,20,1355,227,161,6,36,68.2,7
Cannons,10,2022,0,9,4,13,1,18,1339,215,163,11,25,31.8,9
Atlas,10,2022,1,10,6,21,2,15,1533,259,200,6,36,68.2,11
Chaos,10,2022,0,9,6,19,1,22,1192,234,177,8,33,31.8,6
Whipsnakes,1,2021,1,13,6,18,8,31,0,0,0,10,44,69.6,8
Chaos,1,2021,0,7,4,17,6,15,0,0,0,11,22,30.4,19
Archers,1,2021,1,18,9,20,3,26,0,0,0,9,29,41.7,19
Atlas,1,2021,0,6,1,17,6,24,0,0,0,11,27,58.3,10
Cannons,1,2021,0,11,7,7,4,30,0,0,0,14,42,22.2,21
Redwoods,1,2021,1,12,8,20,3,33,0,0,0,7,38,77.8,19
Waterdogs,1,2021,0,7,2,22,6,17,0,0,0,12,42,60.9,6
Cannons,1,2021,1,13,3,24,2,19,0,0,0,10,32,39.1,11
Chrome,1,2021,0,11,8,14,1,25,0,0,0,14,32,46.4,10
Redwoods,1,2021,1,14,7,18,5,23,0,0,0,10,32,53.6,14
Chaos,2,2021,0,12,4,22,9,16,0,0,0,9,36,44,14
Waterdogs,2,2021,1,14,4,18,7,26,0,0,0,12,36,56,7
Redwoods,2,2021,0,9,4,14,4,26,0,0,0,8,26,54.2,14
Atlas,2,2021,1,12,8,18,7,25,0,0,0,10,41,45.8,17
Chrome,2,2021,0,9,5,26,4,15,0,0,0,8,34,60,13
Waterdogs,2,2021,1,14,8,15,7,26,0,0,0,12,25,40,7
Chaos,2,2021,0,8,4,18,10,16,0,0,0,11,37,31.8,21
Archers,2,2021,1,12,8,18,3,33,0,0,0,9,40,68.2,10
Whipsnakes,2,2021,1,15,6,20,5,30,0,0,0,5,46,54.8,21
Cannons,2,2021,0,14,4,10,7,34,0,0,0,12,35,45.2,16
Whipsnakes,3,2021,1,12,6,19,5,27,0,0,0,10,35,56,11
Atlas,3,2021,0,11,4,19,4,21,0,0,0,11,36,44,16
Chrome,3,2021,1,16,9,15,4,28,0,0,0,10,24,50,21
Whipsnakes,3,2021,0,6,3,17,10,27,0,0,0,7,37,50,14
Redwoods,3,2021,0,9,3,15,2,23,0,0,0,4,28,77.3,11
Chaos,3,2021,1,11,9,11,8,21,0,0,0,9,25,22.7,14
Waterdogs,3,2021,0,8,3,20,4,17,0,0,0,6,27,46.2,13
Archers,3,2021,1,17,12,18,3,28,0,0,0,9,44,53.8,9
Cannons,3,2021,0,17,8,21,2,22,0,0,0,11,33,36.8,18
Atlas,3,2021,1,18,8,18,4,36,0,0,0,15,45,63.2,6
Archers,4,2021,0,7,5,12,3,23,0,0,0,11,23,42.1,13
Chrome,4,2021,1,8,3,21,4,21,0,0,0,5,35,57.9,16
Cannons,4,2021,0,10,5,12,6,27,0,0,0,13,35,33.3,11
Chaos,4,2021,1,14,10,21,6,25,0,0,0,5,38,66.7,18
Chrome,4,2021,0,10,6,17,5,21,0,0,0,13,35,40.7,8
Atlas,4,2021,1,16,7,17,7,21,0,0,0,12,39,59.3,11
Redwoods,4,2021,1,19,12,16,5,26,0,0,0,2,41,70.6,13
Waterdogs,4,2021,0,16,11,10,5,28,0,0,0,9,35,29.4,9
Whipsnakes,4,2021,1,15,9,15,7,29,0,0,0,12,44,71.9,4
Archers,4,2021,0,14,8,17,1,18,0,0,0,8,33,28.1,15
Waterdogs,5,2021,1,19,9,19,3,31,0,0,0,9,43,72.4,10
Cannons,5,2021,0,7,4,17,1,17,0,0,0,7,26,27.6,13
Redwoods,5,2021,1,13,5,14,3,22,0,0,0,5,34,54.2,17
Whipsnakes,5,2021,0,7,4,14,4,24,0,0,0,4,31,45.8,9
Atlas,5,2021,1,16,7,16,5,33,0,0,0,10,39,67.9,10
Chaos,5,2021,0,10,5,18,5,19,0,0,0,8,29,32.1,18
Cannons,5,2021,1,13,8,13,2,26,0,0,0,8,34,55.2,15
Archers,5,2021,0,12,7,14,4,27,0,0,0,8,36,44.8,13
Chrome,5,2021,0,6,2,23,3,15,0,0,0,8,28,40.9,16
Waterdogs,5,2021,1,12,5,19,5,28,0,0,0,14,40,59.1,9
Atlas,6,2021,1,19,9,14,4,32,0,0,0,7,41,80.6,12
Chrome,6,2021,0,10,7,11,2,22,0,0,0,9,35,19.4,15
Archers,6,2021,1,15,8,14,7,31,0,0,0,11,37,28.6,15
Redwoods,6,2021,0,12,4,23,5,24,0,0,0,8,35,71.4,16
Waterdogs,6,2021,1,11,7,18,3,23,0,0,0,8,47,73.7,19
Whipsnakes,6,2021,0,6,2,14,8,25,0,0,0,10,38,26.3,14
Chaos,6,2021,1,14,7,18,6,26,0,0,0,10,36,48.1,20
Chrome,6,2021,0,12,7,17,5,30,0,0,0,12,41,51.9,13
Atlas,6,2021,1,13,6,11,10,30,0,0,0,7,35,77.8,10
Cannons,6,2021,0,12,8,12,2,22,0,0,0,7,28,22.2,19
Archers,7,2021,1,15,7,14,4,25,0,0,0,6,31,43.8,18
Whipsnakes,7,2021,0,14,3,17,6,31,0,0,0,5,43,56.3,10
Cannons,7,2021,1,13,5,17,2,26,0,0,0,9,35,38.5,16
Chrome,7,2021,0,10,8,17,5,26,0,0,0,11,46,61.5,14
Redwoods,7,2021,0,12,5,18,3,20,0,0,0,9,34,40,14
Whipsnakes,7,2021,1,14,8,17,2,28,0,0,0,6,51,60,8
Archers,7,2021,0,9,6,21,5,21,0,0,0,8,33,52.2,18
Chaos,7,2021,1,11,6,16,9,28,0,0,0,6,31,47.8,12
Atlas,7,2021,0,9,7,20,9,26,0,0,0,13,46,56.5,10
Waterdogs,7,2021,1,10,5,21,3,20,0,0,0,12,35,43.5,17
Chaos,7,2021,0,9,7,15,1,26,0,0,0,13,44,70,13
Redwoods,7,2021,1,10,6,17,6,21,0,0,0,10,28,30,17
Chrome,1,2019,0,12,7,22,5,24,0,0,0,5,38,64.3,8
Archers,1,2019,1,13,8,19,1,20,0,0,0,8,27,35.7,12
Chaos,1,2019,0,14,4,16,8,25,0,0,0,7,34,43.8,14
Whipsnakes,1,2019,1,15,7,12,6,29,0,0,0,3,35,56.3,12
Redwoods,1,2019,1,11,6,12,2,33,0,0,0,8,27,45.8,17
Atlas,1,2019,0,9,7,16,6,26,0,0,0,7,21,54.2,22
Whipsnakes,2,2019,1,12,6,14,7,27,0,0,0,6,25,40,16
Chrome,2,2019,0,11,5,21,5,26,0,0,0,5,28,60,16
Chaos,2,2019,1,18,8,12,8,28,0,0,0,6,24,30,19
Atlas,2,2019,0,13,7,16,7,31,0,0,0,5,35,70,13
Redwoods,2,2019,0,9,3,15,4,26,0,0,0,8,20,56.5,14
Archers,2,2019,1,10,5,16,2,23,0,0,0,7,26,43.5,16
Chrome,3,2019,0,12,6,13,9,27,0,0,0,8,28,34.6,12
Atlas,3,2019,1,13,8,19,1,24,0,0,0,4,26,65.4,17
Archers,3,2019,0,10,6,15,4,29,0,0,0,4,30,36.4,14
Whipsnakes,3,2019,1,11,6,18,10,24,0,0,0,8,31,63.6,20
Chaos,3,2019,1,12,8,23,2,17,0,0,0,3,23,46.2,15
Redwoods,3,2019,0,11,6,15,6,26,0,0,0,9,29,53.8,6
Whipsnakes,4,2019,1,15,7,10,9,29,0,0,0,9,25,30.4,12
Atlas,4,2019,0,10,5,15,6,21,0,0,0,2,30,69.6,17
Chrome,4,2019,0,11,5,20,6,22,0,0,0,6,36,46.2,13
Redwoods,4,2019,1,13,8,15,2,26,0,0,0,10,35,53.8,13
Archers,4,2019,0,13,8,17,6,33,0,0,0,13,36,46.4,10
Chaos,4,2019,1,14,10,25,7,22,0,0,0,2,28,53.6,21
Atlas,5,2019,1,13,7,14,3,22,0,0,0,5,25,71.4,11
Archers,5,2019,0,12,8,11,6,22,0,0,0,8,19,28.6,9
Chaos,5,2019,1,15,8,16,4,30,0,0,0,6,33,62.5,14
Chrome,5,2019,0,14,5,13,2,28,0,0,0,6,34,37.5,16
Redwoods,5,2019,1,14,9,11,4,27,0,0,0,8,24,22.2,17
Whipsnakes,5,2019,0,11,10,14,5,27,0,0,0,5,40,77.8,13
Chrome,6,2019,1,19,11,13,1,37,0,0,0,9,43,52.9,9
Chaos,6,2019,0,11,6,15,2,20,0,0,0,8,30,47.1,18
Archers,6,2019,0,8,8,22,2,22,0,0,0,9,35,85.7,12
Redwoods,6,2019,1,9,5,19,3,21,0,0,0,7,24,14.3,14
Atlas,6,2019,0,9,3,13,7,23,0,0,0,3,24,54.5,17
Whipsnakes,6,2019,1,11,3,11,4,28,0,0,0,3,21,45.5,14
Atlas,7,2019,1,18,13,12,9,25,0,0,0,5,25,63.6,12
Redwoods,7,2019,0,15,8,10,1,27,0,0,0,3,21,36.4,10
Chaos,7,2019,1,13,7,17,6,30,0,0,0,12,31,46.4,17
Whipsnakes,7,2019,0,12,7,13,8,29,0,0,0,6,27,53.6,18
Archers,7,2019,1,9,1,12,7,19,0,0,0,3,25,43.8,19
Chrome,7,2019,0,7,4,9,4,26,0,0,0,5,35,56.3,12
Chrome,8,2019,1,20,8,17,4,24,0,0,0,9,36,58.8,9
Whipsnakes,8,2019,0,16,8,14,11,21,0,0,0,10,33,41.2,6
Archers,8,2019,1,15,9,11,2,28,0,0,0,4,26,43.3,17
Atlas,8,2019,0,11,7,14,9,28,0,0,0,8,39,56.7,13
Redwoods,8,2019,0,10,4,18,6,23,0,0,0,7,25,27.3,12
Chaos,8,2019,1,13,6,21,10,21,0,0,0,6,33,72.7,12
Chrome,9,2019,0,14,7,15,3,23,0,0,0,4,25,45.5,12
Atlas,9,2019,1,17,9,13,6,27,0,0,0,8,30,54.5,9
Chaos,9,2019,1,11,7,17,5,22,0,0,0,5,25,36,15
Archers,9,2019,0,10,5,13,9,25,0,0,0,5,36,64,11
Whipsnakes,9,2019,1,17,14,14,6,25,0,0,0,6,29,50,11
Redwoods,9,2019,0,4,4,17,3,15,0,0,0,6,29,50,9
Atlas,10,2019,1,12,7,17,7,25,0,0,0,5,31,52.2,18
Chaos,10,2019,0,9,3,14,7,26,0,0,0,11,25,47.8,13
Redwoods,10,2019,1,18,10,14,9,37,0,0,0,8,36,51.9,9
Chrome,10,2019,0,7,3,18,7,16,0,0,0,8,32,48.1,20
Whipsnakes,10,2019,0,8,5,15,3,18,0,0,0,5,21,55,14
Archers,10,2019,1,11,6,15,6,24,0,0,0,0,28,45,11
